title,category,subscriber,view,video
BLACKPINK,[음악/댄스/가수],5930만,167억0034만,350개
Big Hit Labels,[음악/댄스/가수],5250만,152억2794만,541개
BANGTANTV,[음악/댄스/가수],4670만,92억0204만,"1,458개"
SMTOWN,[음악/댄스/가수],2670만,201억4620만,"3,668개"
Boram Tube Vlog [보람튜브 브이로그],[키즈/어린이],2650만,110억5288만,223개
1MILLION Dance Studio,[음악/댄스/가수],2360만,63억3163만,"2,501개"
1theK (원더케이),[음악/댄스/가수],2230만,193억2338만,"14,212개"
JYP Entertainment,[음악/댄스/가수],2010만,122억4274만,"1,224개"
Mnet K-POP,[음악/댄스/가수],1740만,116억2094만,"23,109개"
Dua Lipa,[미분류],1730만,70억6197만,152개
JFlaMusic,[음악/댄스/가수],1700만,32억9820만,277개
KBS WORLD TV,[TV/방송],1580만,114억6002만,"50,068개"
officialpsy,[음악/댄스/가수],1480만,83억6532만,90개
BIGBANG,[음악/댄스/가수],1340만,64억5287만,773개
Jane ASMR 제인,[음식/요리/레시피],1260만,40억5086만,"1,047개"
Nao FunFun,[키즈/어린이],1090만,565만,99개
TWICE,[음악/댄스/가수],1030만,17억3413만,517개
Stone Music Entertainment,[음악/댄스/가수],961만,73억0101만,"7,298개"
DuDuPopTOY,[키즈/어린이],950만,41억7495만,"1,616개"
MBCkpop,[TV/방송],920만,69억4188만,"39,791개"
핑크퐁 (인기 동요・동화),[키즈/어린이],904만,53억7400만,"2,099개"
Larva TUBA,[키즈/어린이],896만,38억3505만,"2,400개"
서은이야기[SeoeunStory],[키즈/어린이],885만,39억3313만,974개
Toymong tv 토이몽TV,[키즈/어린이],878만,35억8676만,"1,716개"
Hongyu ASMR 홍유,[음식/요리/레시피],828만,21억5552만,338개
MBCentertainment,[뉴스/정치/사회],817만,133억1553만,"82,781개"
Mnet Official,[음악/댄스/가수],812만,85억1606만,"17,761개"
iKON,[음악/댄스/가수],794만,19억4873만,459개
MariAndKids,[키즈/어린이],736만,23억2124만,910개
EXO,[음악/댄스/가수],730만,3억3146만,165개
SonicToy소닉토이,[키즈/어린이],713만,29억5990만,228개
M2,[TV/방송],693만,48억6010만,"13,146개"
Sungha Jung,[음악/댄스/가수],664만,18억4345만,"1,242개"
Serie A,[해외],659만,22억1707만,"20,104개"
JTBC Entertainment,[뉴스/정치/사회],656만,89억1493만,"61,870개"
Travel Thirsty,[음식/요리/레시피],643만,26억4690만,621개
SEVENTEEN,[음악/댄스/가수],634만,18억3931만,786개
TOMORROW X TOGETHER OFFICIAL,[음악/댄스/가수],625만,3억1255만,643개
ALL THE K-POP,[음악/댄스/가수],620만,36억7304만,"17,817개"
YG ENTERTAINMENT,[음악/댄스/가수],613만,15억9102만,389개
[햄지]Hamzy,[음식/요리/레시피],607만,16억4531만,282개
GOT7,[음악/댄스/가수],591만,7억1598만,579개
KBS Kpop,[TV/방송],589만,41억3284만,"26,886개"
PONY Syndrome,[패션/미용],584만,3억4509만,176개
Stray Kids,[음악/댄스/가수],583만,7억7394만,433개
이지금 [IU Official],[음악/댄스/가수],563만,6억0677만,115개
tvN DRAMA,[TV/방송],554만,52억4711만,"31,576개"
MAMAMOO,[음악/댄스/가수],554만,13억6830만,541개
스브스케이팝 / SBS KPOP,[TV/방송],550만,33억9203만,"23,633개"
Samsung,[회사/오피셜],548만,9억5509만,"1,388개"
SBS Entertainment,[TV/방송],540만,60억1572만,"214,353개"
쏘영 Ssoyoung,[음식/요리/레시피],539만,7억5577만,496개
문복희 Eat with Boki,[음식/요리/레시피],538만,11억2510만,305개
스위트티비 SweetTV,[키즈/어린이],528만,23억9480만,560개
2NE1,[음악/댄스/가수],519만,18억8967만,321개
콩순이 Kongsuni,[키즈/어린이],515만,43억3539만,"1,205개"
SBS Drama,[TV/방송],512만,52억4609만,"340,084개"
[Awesome Haeun]어썸하은,[BJ/인물/연예인],505만,7억5980만,455개
ToyMart TV,[키즈/어린이],498만,21억4740만,650개
미니특공대TV,[키즈/어린이],497만,27억3837만,"1,009개"
백종원의 요리비책 Paik's Cuisine,[음식/요리/레시피],488만,4억3946만,289개
[장난감티비]TOYTV,[키즈/어린이],486만,22억8306만,"1,387개"
starshipTV,[음악/댄스/가수],468만,26억0150만,"1,837개"
베이비버스 -인기 동요・동화,[키즈/어린이],466만,29억9598만,"1,182개"
ITZY,[음악/댄스/가수],459만,7억0599만,309개
Daft Punk,[미분류],454만,18억1894만,59개
떵개떵,[음식/요리/레시피],432만,23억6784만,"4,196개"
KBS Entertain,[TV/방송],430만,64억5314만,"96,634개"
BT21,[음악/댄스/가수],430만,3억1289만,179개
TOY GUMA,[키즈/어린이],429만,14억1387만,306개
SBS NOW / SBS 공식 채널,[뉴스/정치/사회],421만,41억5439만,"19,139개"
뽀로로(Pororo),[키즈/어린이],421만,56억2182만,"3,463개"
MBCdrama,[TV/방송],420만,47억0122만,"52,933개"
하루한끼 one meal a day,[음식/요리/레시피],419만,3억8010만,146개
[Dorothy]도로시,[음식/요리/레시피],411만,9억6005만,881개
THE FIRST TAKE,[미분류],410만,9억7151만,159개
Raon Lee,[음악/댄스/가수],409만,8억5065만,275개
ASTRO 아스트로,[음악/댄스/가수],394만,3억4502만,389개
슈슈토이 Shushu ToysReview,[키즈/어린이],394만,14억2309만,501개
Evan Kids,[키즈/어린이],394만,7499만,23개
채널 NCT DAILY,[TV/방송],392만,6억4074만,467개
Cooking tree 쿠킹트리,[음식/요리/레시피],391만,3억4330만,"1,054개"
JTBC Drama,[TV/방송],390만,39억2188만,"21,340개"
크림히어로즈,[애완/반려동물],388만,13억2586만,876개
영국남자 Korean Englishman,[BJ/인물/연예인],385만,12억2739만,416개
까니짱 [ G-NI ],[음식/요리/레시피],384만,9억1634만,411개
Red Velvet,[음악/댄스/가수],384만,4억5006만,101개
SBS TV동물농장x애니멀봐,[애완/반려동물],384만,34억1017만,"2,769개"
허팝Heopop,[BJ/인물/연예인],378만,29억9352만,"1,762개"
로미유 스토리[Romiyu Story],[키즈/어린이],377만,9억6535만,419개
워크맨-Workman,[BJ/인물/연예인],376만,5억9307만,113개
waveya 2011,[BJ/인물/연예인],373만,13억2760만,677개
푸메Fume,[음식/요리/레시피],370만,7억2585만,394개
TREASURE (트레저),[음악/댄스/가수],367만,6억2535만,223개
Lime Tube[라임튜브],[키즈/어린이],365만,25억0848만,"1,629개"
Milana FamilyShow [EN],[키즈/어린이],360만,11억6925만,208개
WINNER,[음악/댄스/가수],360만,11억0969만,409개
JaeYeol ASMR 재열,[취미/라이프],353만,8억7943만,899개
야미보이 Yummyboy,[음식/요리/레시피],352만,12억3551만,779개
NCT,[음악/댄스/가수],340만,1억9727만,179개
KBS Drama,[TV/방송],338만,40억2250만,"110,807개"
백현 Baekhyun,[음악/댄스/가수],335만,4226만,15개
CoCosToy 꼬꼬스토이,[키즈/어린이],334만,18억2782만,729개
ARTBEAT,[BJ/인물/연예인],333만,7억5258만,915개
TV-People,[TV/방송],330만,36억0346만,"16,821개"
리월드RIWORLD,[키즈/어린이],327만,13억4795만,367개
EBS 키즈,[키즈/어린이],327만,39억3926만,"18,106개"
tzuyang쯔양,[음식/요리/레시피],321만,2억2920만,171개
KARD,[음악/댄스/가수],320만,5억6276만,300개
tvN,[TV/방송],314만,42억6763만,"56,508개"
Billboard,[회사/오피셜],313만,10억7805만,"6,341개"
MariAndToys,[키즈/어린이],313만,5억4108만,158개
drawholic,[취미/라이프],309만,3억1607만,338개
제이제이 튜브 [JJ Tube],[키즈/어린이],308만,19억0519만,492개
피지컬갤러리,[스포츠/운동],307만,4억2765만,546개
NCT 127,[음악/댄스/가수],300만,2억2200만,166개
럭키강이 LuckyKang i,[키즈/어린이],300만,12억4733만,"1,149개"
(G)I-DLE (여자)아이들 (Official YouTube Channel),[음악/댄스/가수],299만,8억0561만,167개
솔라시도 solarsido,[TV/방송],293만,1억7112만,210개
FRAN,[음식/요리/레시피],292만,9억0949만,"1,259개"
키즈팡TV,[키즈/어린이],290만,17억8112만,"1,702개"
사나고 Sanago,[취미/라이프],290만,3억4883만,130개
카 로봇 Car & Robot,[키즈/어린이],289만,16억9699만,"3,484개"
imlisarhee,[음악/댄스/가수],289만,3억8374만,513개
새송 Saesong,[음악/댄스/가수],284만,2억6796만,240개
유디티TV,[음식/요리/레시피],282만,5억5676만,933개
장삐쭈,[영화/만화/애니],282만,11억5543만,336개
양수빈,[음식/요리/레시피],281만,4억8787만,211개
딩고 뮤직 / dingo music,[TV/방송],281만,10억1290만,"1,488개"
Thankyou BUBU,[취미/라이프],275만,4억0333만,130개
5 분 Tricks,[음식/요리/레시피],272만,9억2286만,"2,991개"
한세HANSE,[음식/요리/레시피],270만,3억5437만,562개
옛드 : 옛날 드라마 [드라맛집],[TV/방송],266만,46억0954만,"45,730개"
PLAYLIST ORIGINALS 플레이리스트 오리지널,[TV/방송],259만,9억1482만,638개
tvN D ENT,[TV/방송],258만,42억5767만,"12,643개"
채널 십오야,[TV/방송],258만,4억0538만,295개
헤이지니 Hey Jini,[키즈/어린이],258만,15억3656만,"1,059개"
NCT DREAM,[미분류],257만,1억2003만,112개
팬케이Pan K The Pancake Artist,[취미/라이프],255만,7억1286만,506개
나도Nado,[음식/요리/레시피],251만,6억1200만,634개
ToyFamily,[키즈/어린이],249만,29만,35개
JAY PARK,[음악/댄스/가수],242만,5억8408만,135개
도티 TV,[게임],242만,26억4574만,"3,229개"
ASMR PPOMO,[취미/라이프],242만,6억1813만,415개
HyunA,[미분류],239만,2억6020만,58개
TVCHOSUN - TV조선,[뉴스/정치/사회],237만,38억7599만,"59,829개"
GIRLS' GENERATION,[음악/댄스/가수],235만,1억0823만,65개
보라미TV BoramiTV,[키즈/어린이],235만,7억9735만,590개
JTBC Voyage,[TV/방송],234만,24억8393만,"5,508개"
창현거리노래방,[음악/댄스/가수],234만,2억5625만,714개
와썹맨-Wassup Man,[BJ/인물/연예인],234만,2억9016만,163개
미니팡TV,[키즈/어린이],232만,16억2488만,455개
United CUBE (CUBE Entertainment Official YouTube Channel),[음악/댄스/가수],232만,6억9850만,"1,547개"
런닝맨 - 스브스 공식 채널,[TV/방송],229만,27억9982만,"53,176개"
AKMU,[음악/댄스/가수],229만,5억2099만,119개
YTN news,[뉴스/정치/사회],226만,45억3639만,"527,940개"
VIVA DANCE STUDIO,[BJ/인물/연예인],226만,3억8123만,"1,666개"
RISABAE,[패션/미용],226만,2억5274만,347개
총몇명,[영화/만화/애니],226만,6억9082만,271개
odg,[취미/라이프],222만,3억4161만,91개
또봇 V · 메탈리온 [Tobot V · Metalions],[키즈/어린이],217만,26억4687만,"1,777개"
꿀키honeykki,[음식/요리/레시피],217만,2억6294만,418개
MariAndFriends,[키즈/어린이],217만,13억4481만,"1,650개"
JOLLY,[BJ/인물/연예인],216만,4억3860만,300개
EBSDocumentary (EBS 다큐),[TV/방송],215만,19억1886만,"27,036개"
흔한남매,[BJ/인물/연예인],214만,18억2594만,693개
여자친구 GFRIEND OFFICIAL,[음악/댄스/가수],212만,3억6998만,485개
진용진,[BJ/인물/연예인],208만,5억0829만,380개
official IZ*ONE,[음악/댄스/가수],208만,4억5155만,258개
4Minute 포미닛(Official YouTube Channel),[음악/댄스/가수],207만,11억9349만,82개
공대생 변승주 DS,[BJ/인물/연예인],207만,12억8482만,"1,453개"
채널 NCT DANCE,[음악/댄스/가수],205만,1억6489만,42개
해그린달 haegreendal,[BJ/인물/연예인],205만,7990만,56개
퇴경아 약먹자,[TV/방송],205만,3억2495만,644개
레이디버그TV,[영화/만화/애니],205만,10억4676만,304개
채널 NCT MUSIC,[음악/댄스/가수],204만,1억3467만,29개
엔조이커플enjoycouple,[BJ/인물/연예인],204만,6억5477만,475개
감스트GAMST,[게임],202만,12억7057만,"4,406개"
디바제시카DeevaJessica,[교육/강의],202만,7억9562만,"2,854개"
Play Carrie,[키즈/어린이],201만,24억8352만,"2,539개"
STUDIO CHOOM [스튜디오 춤],[미분류],200만,6억2147만,475개
꼬마버스 타요,[키즈/어린이],199만,15억2453만,"2,112개"
MTV UK,[미분류],198만,6억6994만,"3,749개"
SBS ENTER PLAY,[TV/방송],198만,14억2826만,"3,199개"
Toy Wizard [토이위자드],[키즈/어린이],198만,7억5086만,697개
SHINee,[음악/댄스/가수],197만,1억2864만,111개
SUPER JUNIOR,[음악/댄스/가수],197만,6487만,153개
수리노을SuriNoel,[애완/반려동물],197만,6억6405만,995개
잠뜰 TV,[게임],196만,22억6921만,"2,639개"
ATEEZ,[TV/방송],195만,1억6486만,271개
ROSÉ,[미분류],194만,577만,2개
지현꿍,[음식/요리/레시피],194만,1억3973만,63개
OfficialGDRAGON,[음악/댄스/가수],192만,3907만,0개
보길 bogil,[TV/방송],192만,7억4384만,"1,056개"
EXID_OFFICIAL,[음악/댄스/가수],191만,6억1777만,332개
뉴욕이랑 놀자,[키즈/어린이],191만,9억0744만,659개
International Couple[사샤와 제이],[BJ/인물/연예인],191만,1억7849만,112개
The World of Dave데이브,[교육/강의],191만,4억3923만,599개
woolliment,[음악/댄스/가수],188만,6억7442만,699개
The Wiggles,[해외],187만,22억8351만,561개
CHEN,[음악/댄스/가수],186만,2842만,10개
tvN D STORY,[TV/방송],186만,4억8907만,926개
"토닥토닥 꼬모 - 애니메이션, 동요, 놀이",[키즈/어린이],186만,19억5518만,760개
Jessi,[음악/댄스/가수],185만,2억2733만,44개
The K-POP,[음악/댄스/가수],184만,4억6924만,"6,525개"
올리버쌤,[교육/강의],183만,3억8086만,573개
[wonderkids TV] 원더키즈 TV,[키즈/어린이],182만,7억7858만,888개
최고다윽박EUGBAK,[음식/요리/레시피],182만,8억3962만,"1,521개"
애정 Aejeong,[음식/요리/레시피],179만,2억4542만,332개
밀키복이탄이MilkyBokiTan,[애완/반려동물],178만,4억6376만,291개
셀프어쿠스틱selfacoustic,[음악/댄스/가수],178만,3억9082만,141개
Donam도남이먹방,[음식/요리/레시피],177만,5억4791만,741개
JerryPop,[음식/요리/레시피],177만,6억1700만,410개
악동 김블루,[게임],177만,8억7412만,686개
꾹TV(Kkuk TV),[키즈/어린이],177만,9억8913만,"1,298개"
ASMR Suna 꿀꿀선아,[음식/요리/레시피],176만,3억9834만,307개
흥삼이네 Heungsam's Family,[음식/요리/레시피],176만,8억5366만,"1,305개"
SBS Catch,[뉴스/정치/사회],174만,16억0430만,"2,828개"
ARIRANG K-POP,[미분류],171만,6억6151만,"26,865개"
Boys Playtime,[키즈/어린이],171만,7억6713만,355개
대도서관TV (buzzbean11),[게임],171만,13억9119만,"9,046개"
양띵 유튜브,[게임],171만,18억4407만,"7,042개"
보물섬,[BJ/인물/연예인],170만,9억7255만,399개
미지우 MEJIWOO,[미분류],169만,1717만,16개
Dollightful,[키즈/어린이],169만,2억4900만,138개
사나이 김기훈,[BJ/인물/연예인],168만,6억6879만,689개
ITSub잇섭,[IT/기술/컴퓨터],167만,4억8214만,721개
밝은 면 Bright Side Korea,[IT/기술/컴퓨터],167만,4억1000만,"2,807개"
슈기님,[음식/요리/레시피],166만,6억1341만,"1,398개"
입짧은햇님,[음식/요리/레시피],166만,5억9986만,"2,286개"
Imaginative Guy,[취미/라이프],164만,5억1065만,107개
BTOB 비투비 (Official YouTube Channel),[음악/댄스/가수],163만,3억6016만,451개
Wishtrend TV,[패션/미용],163만,1억3127만,770개
HONG SOUND,[음식/요리/레시피],163만,3억5853만,976개
Allblanc TV,[스포츠/운동],162만,1억6798만,283개
채널A Home,[뉴스/정치/사회],161만,18억1338만,"17,609개"
MLD ENTERTAINMENT,[음악/댄스/가수],161만,6억0417만,526개
더블비,[BJ/인물/연예인],160만,8억7766만,434개
슈앤트리 SHU AND TREE,[애완/반려동물],160만,3억2550만,306개
비몽,[음악/댄스/가수],159만,8억2881만,"4,578개"
DAY6,[음악/댄스/가수],158만,1억8103만,295개
Leesuhyun,[패션/미용],158만,6948만,98개
뜨뜨뜨뜨,[게임],157만,6억5522만,"1,319개"
DJ SODA OFFICIAL,[음악/댄스/가수],156만,2억1053만,149개
조효진 HYOJIN,[패션/미용],156만,1억6230만,326개
Recording Academy / GRAMMYs,[미분류],155만,5억2041만,"3,741개"
GOT7,[미분류],155만,1529만,3개
내셔널지오그래픽 - National Geographic Korea,[애완/반려동물],155만,6억4117만,"2,846개"
JTBC News,[뉴스/정치/사회],154만,19억3184만,"105,856개"
고몽,[영화/만화/애니],154만,6억0183만,433개
ssin 씬님,[패션/미용],154만,4억3052만,671개
콬TV,[TV/방송],154만,4억9449만,710개
조재원,[TV/방송],154만,3억6834만,246개
김재원의 즐거운 세상,[게임],154만,15억1025만,"1,642개"
아는형님 Knowingbros,[TV/방송],153만,4억8843만,702개
Edu car toy school,[키즈/어린이],153만,7억8802만,"1,226개"
OfficialLEEHI,[음악/댄스/가수],153만,3억0591만,94개
SPOTV,[스포츠/운동],153만,11억4236만,"40,411개"
덕대-DD film,[키즈/어린이],153만,7억0796만,"1,552개"
ZOEY ASMR 조이,[음식/요리/레시피],152만,3억5304만,540개
태경 TV,[게임],152만,21억0632만,"2,387개"
PENTAGON 펜타곤 (Official YouTube Channel),[음악/댄스/가수],151만,1억8850만,318개
NU'EST,[음악/댄스/가수],151만,2억1177만,561개
버블디아,[음악/댄스/가수],150만,3억8133만,"1,166개"
캐릭온 TV,[키즈/어린이],150만,15억1828만,659개
dingo freestyle,[TV/방송],149만,7억6867만,796개
브라보키즈_BRAVO KIDS,[키즈/어린이],148만,15억0294만,"1,695개"
헨리 Henry Lau,[음악/댄스/가수],147만,1억0875만,144개
EBSCulture (EBS 교양),[뉴스/정치/사회],147만,11억0041만,"39,956개"
[Nareum_TV] 나름TV,[음식/요리/레시피],146만,5억0977만,775개
짤툰,[미분류],145만,5억5832만,229개
ARIKITCHEN (아리키친),[음식/요리/레시피],145만,3억3269만,421개
철구형 (CHULTUBE),[BJ/인물/연예인],144만,12억5071만,"6,876개"
지니키즈 Genikids (인기 동요・동화),[키즈/어린이],144만,11억0266만,"1,288개"
엠브로 MBRO,[음식/요리/레시피],143만,4억9498만,"1,094개"
loonatheworld,[음악/댄스/가수],142만,4억7613만,960개
웃소 Wootso,[BJ/인물/연예인],142만,11억7924만,619개
신사임당,[주식/경제/부동산],141만,1억5906만,791개
슈카월드,[교육/강의],141만,1억7418만,792개
KBS 한국방송,[TV/방송],140만,12억9930만,"27,176개"
K-Tigers TV,[음악/댄스/가수],140만,1억9464만,435개
Solfa,[TV/방송],140만,2억3633만,53개
Chuther츄더[문에스더],[음악/댄스/가수],139만,1억7771만,126개
급식왕,[BJ/인물/연예인],139만,14억2060만,564개
Daily Busking,[음악/댄스/가수],139만,5억4765만,953개
DOJIN도진이,[음악/댄스/가수],138만,6802만,39개
The Kelly Clarkson Show,[미분류],137만,2억0998만,"2,328개"
KBS Drama Classic,[뉴스/정치/사회],137만,12억3174만,"9,170개"
칩chip,[음식/요리/레시피],137만,1억6994만,33개
승우아빠,[음식/요리/레시피],137만,3억2682만,524개
FNCEnt,[음악/댄스/가수],136만,2억7324만,"1,378개"
ETTV 이티티비,[음식/요리/레시피],135만,5억7143만,901개
T1 Faker,[게임],135만,2억1852만,"1,140개"
Lemoring,[음악/댄스/가수],135만,6억3474만,458개
BEAST 비스트 (Official YouTube Channel),[음악/댄스/가수],135만,5억6985만,118개
FoodieBoy 푸디보이,[음식/요리/레시피],135만,5억0325만,"1,043개"
MKTV 김미경TV,[TV/방송],134만,2억3633만,"1,531개"
산적TV 밥굽남,[음식/요리/레시피],134만,2억5472만,495개
유라야놀자(Let's play YURA),[키즈/어린이],134만,13억9496만,"1,336개"
신의한수,[뉴스/정치/사회],134만,10억6551만,"7,719개"
NALU,[BJ/인물/연예인],134만,9855만,142개
지무비 : G Movie,[영화/만화/애니],134만,4억2146만,204개
"안구정화TV, Your Korean Friend",[TV/방송],133만,9836만,136개
A-YEON,[음악/댄스/가수],131만,1억3770만,54개
SBS 뉴스,[뉴스/정치/사회],131만,20억5990만,"100,861개"
박막례 할머니 Korea Grandma,[BJ/인물/연예인],131만,3억6455만,392개
푸드킹덤 Food Kingdom,[미분류],130만,4억3937만,725개
KBS HUMAN: 뭉클티비,[TV/방송],130만,6억1483만,"2,632개"
뉴욕이랑 브이로그,[키즈/어린이],130만,4억6413만,495개
AOA (에이오에이),[음악/댄스/가수],130만,6억5345만,192개
꽈뚜룹,[BJ/인물/연예인],130만,3억3710만,593개
Mera,[TV/방송],130만,11억2783만,"7,531개"
JAYKEEOUT,[BJ/인물/연예인],130만,1억6406만,202개
딩고 스토리 / dingo story,[TV/방송],130만,2억8005만,324개
[상윤쓰]Sangyoon,[BJ/인물/연예인],129만,2억2962만,129개
디글 클래식 :Diggle Classic,[뉴스/정치/사회],129만,27억6613만,"18,909개"
Apink (에이핑크),[음악/댄스/가수],129만,3억2450만,612개
동네놈들,[TV/방송],129만,2억6066만,236개
BLACKHAND,[TV/방송],129만,3억0897만,49개
삼프로TV_경제의신과함께,[주식/경제/부동산],129만,2억7482만,"3,986개"
lamuqe,[패션/미용],129만,1억1378만,257개
탱구TV,[취미/라이프],128만,4394만,27개
RealVIXX,[음악/댄스/가수],126만,3억5630만,723개
MBN Entertainment,[TV/방송],126만,12억4606만,"28,361개"
사물궁이 잡학지식,[교육/강의],126만,1억7940만,250개
강형욱의 보듬TV - Dog Trainer Kang,[애완/반려동물],126만,2억1171만,694개
헬로카봇 - hello carbot official,[키즈/어린이],126만,10억9870만,"1,056개"
SBS STORY,[뉴스/정치/사회],125만,15억7999만,"77,552개"
진성호방송,[뉴스/정치/사회],125만,11억5315만,"6,005개"
악어 유튜브,[게임],125만,13억2984만,"6,027개"
시즌비시즌 Season B Season,[음악/댄스/가수],124만,9255만,36개
티디키즈 by 지니키즈,[키즈/어린이],124만,7억7046만,345개
워너뮤직코리아 (Warner Music Korea),[음악/댄스/가수],124만,6억7683만,"2,087개"
Dingo K-Beauty,[TV/방송],124만,3억6482만,346개
신세경 sjkuksee,[BJ/인물/연예인],123만,4091만,31개
신세경 sjkuksee,[TV/방송],123만,4091만,31개
턱형 (GOD-TUK),[BJ/인물/연예인],123만,4억1954만,511개
THE BOYZ,[음악/댄스/가수],122만,1억5880만,451개
Prepix Dance Studio,[음악/댄스/가수],122만,2억0815만,"3,274개"
스윗더미 . Sweet The MI,[음식/요리/레시피],122만,1억1589만,318개
Shoot for Love 슛포러브,[스포츠/운동],122만,6억1222만,660개
피키픽처스 Piki Pictures,[TV/방송],122만,4억3518만,569개
디스커버리 서바이벌 - Discovery Survival,[TV/방송],120만,2억9457만,296개
GENIE MUSIC,[음악/댄스/가수],120만,3억9392만,"3,629개"
DICKHUNTER딕헌터🌶,[음식/요리/레시피],120만,2억7885만,316개
[THE SOY]루퐁이네,[미분류],119만,3억0427만,269개
MBCNEWS,[뉴스/정치/사회],119만,23억0450만,"102,950개"
세바시 강연 Sebasi Talk,[뉴스/정치/사회],119만,2억4193만,"1,913개"
다또아Daddoa,[패션/미용],119만,9086만,182개
Lia Kim,[BJ/인물/연예인],119만,5924만,50개
회사원A,[패션/미용],119만,3억7036만,467개
수상한녀석들,[BJ/인물/연예인],119만,2억3730만,163개
eaJ,[TV/방송],118만,4181만,31개
김시선,[영화/만화/애니],118만,3억5172만,337개
PLAYY ANI 플레이애니,[영화/만화/애니],117만,4억6027만,589개
문명특급 - MMTG,[TV/방송],117만,1억9606만,180개
테스터훈 TesterHoon,[게임],117만,7억0362만,"2,176개"
official A.C.E,[음악/댄스/가수],117만,1억4525만,516개
달라스튜디오,[TV/방송],116만,1억0511만,55개
ONEUS,[음악/댄스/가수],116만,1억3226만,278개
우주하마,[게임],116만,5억1287만,"1,678개"
우왁굳의 게임방송,[게임],116만,8억4881만,"7,142개"
사람사는세상노무현재단,[뉴스/정치/사회],116만,1억1065만,735개
깨비키즈 [KEBIKIDS],[키즈/어린이],116만,12억4430만,"1,631개"
CJ ENM,[TV/방송],115만,17억2374만,"14,871개"
휘트니 whitney bae,[취미/라이프],115만,2억8593만,317개
파뿌리,[음식/요리/레시피],115만,8억4751만,"1,237개"
임영웅,[BJ/인물/연예인],114만,7억2564만,549개
AOMGOFFICIAL,[음악/댄스/가수],114만,2억3586만,293개
KBS News,[뉴스/정치/사회],114만,13억9394만,"162,317개"
취미로 요리하는 남자 Yonam,[음식/요리/레시피],114만,8470만,60개
미니카 Minicar,[키즈/어린이],113만,6억5441만,"1,646개"
애주가TV참PD,[음식/요리/레시피],113만,4억7909만,"1,012개"
소련여자 Soviet girl in Seoul,[BJ/인물/연예인],111만,1억2631만,86개
혜리,[BJ/인물/연예인],111만,5721만,54개
CheezeFilm,[영화/만화/애니],111만,2억9493만,180개
맛있는 녀석들 (Tasty Guys),[음식/요리/레시피],111만,11억5533만,"2,873개"
채널A 뉴스,[뉴스/정치/사회],110만,12억6232만,"56,928개"
Talk To Me In Korean,[교육/강의],110만,5384만,"1,673개"
체인지 그라운드,[교육/강의],110만,1억8547만,"2,697개"
jannahkorea 잔나코리아,[교육/강의],110만,6166만,367개
크집사,[애완/반려동물],110만,1억2229만,212개
Cheri Hyeri 체리 혜리,[BJ/인물/연예인],110만,1억4964만,342개
성수커플 - S.S Couple,[BJ/인물/연예인],110만,3억1334만,372개
낄낄상회,[취미/라이프],109만,2억4783만,165개
Coreaníssima 엘레나,[TV/방송],109만,6691만,145개
티캐스트 tcast,[TV/방송],109만,12억4421만,"9,107개"
Tooniverse-투니버스,[영화/만화/애니],109만,7억8420만,"4,714개"
ondo온도,[BJ/인물/연예인],109만,1억0487만,144개
UPVOTE Entertainment,[음악/댄스/가수],109만,2억5295만,"1,298개"
선미 SUNMI,[음악/댄스/가수],108만,1억5785만,116개
TJ KARAOKE TJ 노래방 공식 유튜브채널,[음악/댄스/가수],108만,11억4157만,"53,763개"
14F 일사에프,[TV/방송],108만,2억7576만,"1,822개"
MOVE Dance Studio 무브댄스학원,[음악/댄스/가수],108만,2억0892만,"2,002개"
야식이,[음식/요리/레시피],107만,3억6031만,"1,141개"
PLEDIS ENTERTAINMENT,[음악/댄스/가수],107만,2억7003만,246개
오킹TV,[TV/방송],107만,3억4407만,"1,049개"
sankok esl,[TV/방송],107만,2억8064만,102개
야식이,[음식/요리/레시피],107만,3억6031만,"1,141개"
Squash Clay 쪼물쪼물 클레이,[취미/라이프],107만,1억7259만,438개
Sibongtv 시봉tv,[BJ/인물/연예인],107만,6072만,194개
haha ha,[애완/반려동물],107만,3억2475만,363개
seemile Korean 씨마일 한국어,[교육/강의],106만,8391만,"1,095개"
2pm,[음악/댄스/가수],106만,3억2019만,374개
V LIVE,[TV/방송],106만,6억2543만,"2,531개"
SK telecom,[TV/방송],106만,8억3389만,"2,259개"
Dingo K-Drama,[TV/방송],106만,1억8665만,402개
마이린 TV,[키즈/어린이],106만,6억8078만,"2,060개"
릴카,[게임],106만,3억3842만,816개
woojoo우주,[키즈/어린이],105만,3억3241만,85개
Dreamcatcher official,[음악/댄스/가수],105만,2억2622만,318개
YGTAEYANG,[음악/댄스/가수],105만,5437만,26개
빅마블,[음악/댄스/가수],105만,928만,14개
얌무YAMMoo,[음식/요리/레시피],105만,1억9596만,588개
rappeler하쁠리,[취미/라이프],105만,3억9161만,669개
핫도그TV,[음식/요리/레시피],105만,6억7357만,809개
KONNECT Entertainment,[미분류],104만,1억2081만,87개
CLC 씨엘씨 (Official YouTube Channel),[음악/댄스/가수],104만,1억9779만,184개
CNBLUE (씨엔블루),[음악/댄스/가수],104만,2억0365만,177개
혜안,[게임],104만,3억1564만,651개
써니채널 Sunny's Channel,[패션/미용],104만,9189만,153개
효기심,[취미/라이프],104만,1억2708만,154개
소근커플 S.K.Couple,[BJ/인물/연예인],104만,3억4441만,369개
츄팝,[취미/라이프],104만,4억5891만,447개
오분순삭,[TV/방송],103만,9억2105만,"1,273개"
(MUTUBE)와꾸대장봉준,[BJ/인물/연예인],103만,7억6696만,"7,633개"
코이티비KOITV,[국내/해외/여행],103만,5억8442만,"1,069개"
Beginagain 비긴어게인,[미분류],102만,3억4819만,590개
우리의식탁 W TABLE,[음식/요리/레시피],102만,7328만,329개
TBS 시민의방송,[뉴스/정치/사회],102만,7억2099만,"32,844개"
겜브링 GGAM BRING,[게임],102만,10억8219만,"1,912개"
BenDeen,[음식/요리/레시피],101만,1억1414만,247개
JoyKids,[키즈/어린이],101만,5억6027만,139개
공부의신 강성태,[교육/강의],101만,2억4716만,"2,485개"
쁘허,[게임],101만,3억3297만,882개
킴성태TV,[게임],101만,6억2253만,"1,484개"
유정호tv,[TV/방송],100만,2억1315만,264개
밍꼬발랄Mingggo,[TV/방송],100만,11억2260만,798개
딩고 / dingo,[TV/방송],99만,3억1803만,644개
조승연의 탐구생활,[교육/강의],99만,5822만,154개
KBS CoolFM,[TV/방송],99만,4억8417만,"7,663개"
MORE THAN YOUTH,[음악/댄스/가수],99만,2억2247만,636개
DinoCore TUBA,[영화/만화/애니],98만,6억7275만,854개
그것이 알고싶다 공식계정,[TV/방송],98만,2억1698만,424개
기리TV,[게임],98만,9억1057만,"2,499개"
법륜스님의 즉문즉설,[교육/강의],98만,6억3246만,"1,736개"
ColorMonsters Toy,[취미/라이프],98만,5억4402만,"1,040개"
드림텔러(DreamTeller),[영화/만화/애니],98만,4억7578만,509개
이슈텔러 issueTeller,[TV/방송],98만,3억9536만,521개
sNack!,[TV/방송],98만,7억1835만,"1,744개"
비디오머그 - VIDEOMUG,[뉴스/정치/사회],98만,15억3288만,"4,790개"
Chihun ASMR 치훈,[음식/요리/레시피],98만,1억6542만,323개
DaftTaengk,[음악/댄스/가수],97만,5억9186만,"5,197개"
유준호,[BJ/인물/연예인],97만,3억9702만,"1,181개"
Rock Music,[음악/댄스/가수],96만,5억1311만,"7,689개"
놀면 뭐하니?,[TV/방송],96만,2억5766만,415개
[삼성증권] Samsung POP,[미분류],95만,7099만,500개
텔론,[게임],95만,8억1314만,"2,806개"
램램TV,[게임],95만,7억2796만,"2,033개"
미래에셋 스마트머니,[미분류],95만,3405만,565개
수빙수tv sooBingsoo,[미분류],95만,2억4229만,203개
SUPER SOUND Bugs!,[음악/댄스/가수],95만,6억1198만,"2,729개"
유병재,[TV/방송],95만,1억0617만,111개
hello82,[미분류],94만,1억4640만,121개
브레드이발소,[키즈/어린이],94만,3억8056만,516개
마재TV,[게임],94만,6억0590만,"3,639개"
테드TV,[게임],94만,7억7013만,"2,023개"
달빛뮤즈,[영화/만화/애니],94만,1억8025만,327개
B Man 삐맨,[영화/만화/애니],93만,4억3405만,462개
코너Korner,[게임],93만,5억1293만,524개
미스&미스터트롯 공식계정,[회사/오피셜],93만,5억1339만,"1,843개"
말왕TV,[스포츠/운동],93만,3억0242만,853개
남순 NS,[BJ/인물/연예인],93만,8억4847만,"3,430개"
Netflix Film Club,[미분류],92만,3억5049만,745개
kiu기우쌤,[패션/미용],92만,2억1498만,265개
제이제이살롱드핏,[취미/라이프],92만,1억5700만,380개
정브르,[애완/반려동물],92만,4억0239만,"1,359개"
Boram Tube Friends,[키즈/어린이],92만,725만,73개
먹어볼래TryToEat,[음식/요리/레시피],92만,1억2174만,164개
군림보,[게임],92만,5억4501만,"4,668개"
힙으뜸,[스포츠/운동],91만,1억3548만,281개
띠미 ddimmi,[BJ/인물/연예인],91만,3억1828만,652개
윤쨔미 YoonCharmi,[패션/미용],91만,2억3096만,318개
Puuung,[영화/만화/애니],91만,4186만,295개
일반인들의 소름돋는 라이브 / Best covers,[음악/댄스/가수],91만,3억4329만,"3,522개"
장범준,[음악/댄스/가수],90만,2억8901만,459개
키에커,[TV/방송],90만,2억1274만,129개
김이브님 [kim eve],[TV/방송],90만,6억2753만,"2,836개"
배꼽빌라,[TV/방송],90만,2억4598만,308개
TNT,[해외],90만,5억5864만,"4,181개"
LICO TV,[영화/만화/애니],90만,1억2416만,185개
한문철 TV,[TV/방송],89만,6억9638만,"11,036개"
집꾸미기,[취미/라이프],89만,7743만,195개
침착맨,[게임],89만,5억1796만,"5,743개"
U.M.A.우마,[BJ/인물/연예인],89만,1억9593만,131개
삼대장 Samdaejang,[음식/요리/레시피],89만,4억4686만,965개
Bandung Oppa 반둥오빠,[취미/라이프],89만,7723만,324개
SUNBA선바,[BJ/인물/연예인],88만,8억2504만,"2,083개"
잉여맨 유튜브,[게임],88만,7억2738만,"1,898개"
ALiEN,[음악/댄스/가수],88만,1억6720만,241개
연다,[게임],88만,4억8228만,"1,658개"
소녀의행성 Girlsplanet,[애완/반려동물],87만,2억6634만,343개
YG TREASURE BOX,[TV/방송],87만,2억2796만,496개
Kim Miso,[취미/라이프],87만,4425만,199개
디렉터 파이,[패션/미용],87만,1억1262만,242개
채꾸똥꾸 (Cherry & Dong),[미분류],87만,1억9023만,225개
달려라치킨 Dalchi,[취미/라이프],87만,2억1288만,577개
MUPLY 뮤플리,[음악/댄스/가수],86만,1억8742만,295개
머독방송,[게임],86만,7억2233만,"11,250개"
고기남자 MeatMan,[음식/요리/레시피],86만,9247만,69개
마시따 MASITTA,[키즈/어린이],86만,4억9074만,193개
SBS Radio 에라오,[뉴스/정치/사회],86만,4억6250만,"15,533개"
잼스터,[TV/방송],85만,2억2076만,281개
Saerom Min개코의 오픈스튜디오,[패션/미용],85만,8171만,129개
울산큰고래 박성주,[게임],85만,6억4081만,"3,590개"
약사가 들려주는 약 이야기,[IT/기술/컴퓨터],85만,9239만,422개
뉴스TVCHOSUN,[뉴스/정치/사회],85만,6억2474만,"59,890개"
missA,[음악/댄스/가수],85만,3억4766만,49개
TSENT2008,[음악/댄스/가수],85만,3억7577만,445개
슛뚜sueddu,[BJ/인물/연예인],85만,3818만,155개
퍼플 토이박스(Purple Toy Box),[키즈/어린이],85만,5억2722만,"1,322개"
Sophie Kim _하은,[국내/해외/여행],84만,2824만,119개
뽐뽐뽐,[음식/요리/레시피],84만,6088만,154개
토깽이네,[키즈/어린이],84만,7억6374만,"1,248개"
괴물쥐 유튜브,[미분류],83만,4억8138만,730개
HOLLAND,[음악/댄스/가수],83만,2974만,38개
뚜아뚜지TV,[키즈/어린이],83만,3억1047만,"1,086개"
Jella젤라,[패션/미용],83만,5456만,178개
이환,[TV/방송],83만,2억6533만,340개
미션 파서블,[미분류],83만,7550만,72개
신인균의 국방TV,[뉴스/정치/사회],83만,3억4017만,"1,286개"
CL,[음악/댄스/가수],83만,5498만,5개
헌터퐝,[미분류],82만,1억4624만,218개
피식대학Psick Univ,[미분류],82만,1억5521만,257개
액션 Action,[키즈/어린이],82만,3억9349만,"1,570개"
딴지방송국,[뉴스/정치/사회],82만,1억6673만,592개
액션홍구,[게임],81만,4억6125만,"2,811개"
Jenny Yun,[음악/댄스/가수],81만,1억1204만,525개
배승희 변호사,[뉴스/정치/사회],81만,3억2727만,"1,150개"
개리형,[게임],81만,2억6998만,507개
Variety,[해외],81만,3억8527만,"3,859개"
쿠쿠크루 - Cuckoo Crew,[BJ/인물/연예인],81만,4억2801만,563개
라이브 아카데미,[교육/강의],81만,6985만,432개
areumsongee아름송이,[패션/미용],81만,6918만,197개
WatchcarTV,[영화/만화/애니],80만,3억6691만,201개
UNA 유나,[패션/미용],80만,6030만,139개
한별Hanbyul,[패션/미용],80만,1억2326만,272개
모비딕 Mobidic,[TV/방송],80만,2억4598만,"1,030개"
1분과학,[IT/기술/컴퓨터],80만,7106만,60개
리틀조이 LittleJoy,[키즈/어린이],80만,2억2153만,191개
ALL THE K-JAM 올더케이잼,[음악/댄스/가수],80만,7억4802만,"11,841개"
라이프타임,[TV/방송],80만,2억9123만,"1,414개"
Megan Moon,[TV/방송],80만,1억2438만,503개
StimBoy스팀보이,[BJ/인물/연예인],79만,3억6469만,650개
TOP MEDIA,[미분류],79만,1억4279만,483개
가르마[GARMA],[음식/요리/레시피],79만,2억1975만,"1,048개"
POYO Music Official,[키즈/어린이],79만,6억0828만,"1,349개"
연애 이야기 Yeon's Couple,[미분류],79만,1억1785만,183개
임한올 Hanol Rim,[미분류],79만,7344만,130개
KBS 다큐,[뉴스/정치/사회],79만,4억3694만,"49,288개"
뻑가 PPKKa,[TV/방송],79만,4억1429만,563개
냥이아빠,[애완/반려동물],79만,2억3351만,380개
STUDIO DIA 스튜디오 다이아,[TV/방송],79만,1억9716만,505개
HyunA 현아 (Official YouTube Channel),[음악/댄스/가수],78만,9485만,10개
빨강도깨비,[영화/만화/애니],78만,3억0313만,308개
MUSIC&NEW 뮤직앤뉴,[음악/댄스/가수],78만,8억2972만,"6,476개"
"고고다이노- GOGO DINO, 고고 티비, GoGoTV",[키즈/어린이],78만,5억6250만,775개
돼지저금통,[게임],78만,12억3036만,"5,264개"
Mimine Miniature 미미네 미니어쳐,[취미/라이프],78만,1억5598만,167개
VALORANT,[미분류],78만,4534만,54개
공대생가족 GDSF,[취미/라이프],78만,3억0390만,"1,192개"
THE BOB - 더 밥 스튜디오,[미분류],77만,2655만,144개
OFFICIAL EPIK HIGH,[음악/댄스/가수],77만,1억9237만,200개
z a m,[TV/방송],77만,5억3286만,"1,751개"
9bul,[영화/만화/애니],77만,2억2741만,212개
리모콘 by iHQ,[TV/방송],77만,7억1542만,"4,860개"
유키 YOUKI,[게임],76만,1억7518만,859개
POWER MOVIE,[TV/방송],76만,2억0747만,201개
옛능 : MBC 옛날 예능 다시보기,[TV/방송],76만,7억9465만,"1,686개"
속삭이는몽자,[애완/반려동물],76만,1억7194만,426개
밀라논나 Milanonna,[미분류],76만,4056만,70개
김왼팔,[게임],76만,4억3121만,"1,958개"
강유미 yumi kang좋아서 하는 채널,[BJ/인물/연예인],76만,1억5313만,282개
케이,[BJ/인물/연예인],75만,4억7405만,"3,084개"
BRANDNEW MUSIC,[음악/댄스/가수],75만,2억2045만,"1,178개"
리아루아 LIALUA,[패션/미용],75만,2억3753만,372개
김작가 TV,[미분류],75만,1억2365만,890개
압둘알리과로사,[게임],75만,1억7237만,372개
wondergirls,[음악/댄스/가수],75만,3억8769만,217개
T1,[게임],74만,1억7789만,"2,462개"
ZeeKay Junior,[해외],74만,7억5836만,798개
띠예,[음식/요리/레시피],74만,7871만,38개
KIM HYUN JOONG.official,[음악/댄스/가수],74만,8725만,263개
yeondukong 연두콩,[패션/미용],74만,9702만,368개
람다람,[영화/만화/애니],74만,7350만,49개
PARK JIHOON Official,[음악/댄스/가수],74만,3146만,130개
sunnydahye,[패션/미용],74만,4950만,334개
SF9,[음악/댄스/가수],74만,4573만,206개
외질혜 (OzilTube),[BJ/인물/연예인],74만,4억2608만,"1,574개"
Toystar TV,[키즈/어린이],73만,2억8160만,69개
서담SEODAM,[음식/요리/레시피],73만,1억2055만,207개
윰댕(yum-cast),[음식/요리/레시피],73만,5억1416만,"3,208개"
러너꽃빈TV,[게임],73만,5억8545만,"3,095개"
이 남자의 cook,[미분류],73만,1억2243만,460개
나혼자산다 STUDIO,[TV/방송],73만,2억0100만,245개
이라이라경 ravely,[TV/방송],73만,1억7918만,269개
핏블리 FITVELY,[미분류],73만,1억4193만,464개
• m i n a m o c h i •,[음악/댄스/가수],72만,3억0506만,118개
SISSEL,[미분류],72만,3239만,194개
의학채널 비온뒤,[IT/기술/컴퓨터],72만,1억4282만,"3,473개"
스튜디오 룰루랄라- studio lululala,[TV/방송],72만,1억8036만,831개
대륙남TV [clark tv],[BJ/인물/연예인],72만,3억8412만,"2,884개"
Yoo's Beauty 희주,[패션/미용],72만,2466만,108개
B1A4 OFFICIAL +,[음악/댄스/가수],72만,1억7827만,308개
DKDKTV,[음악/댄스/가수],72만,1억4413만,"1,004개"
리뷰엉이: Owl's Review,[영화/만화/애니],71만,2억6615만,424개
헤이즐 Heizle,[패션/미용],71만,7057만,286개
TongTongTv 통통컬처,[TV/방송],71만,5억0189만,"11,067개"
김소형 채널H,[미분류],71만,1억1468만,646개
스페셜솔져 - 모바일FPS,[게임],71만,1504만,137개
SonyToby,[음악/댄스/가수],71만,7006만,84개
히스토리,[TV/방송],71만,4억2019만,"1,544개"
다흑,[애완/반려동물],71만,4억2412만,"2,185개"
DanoTV,[취미/라이프],71만,1억2571만,531개
Yuni Marimba 유니 마림바,[음악/댄스/가수],71만,8821만,90개
LDF TV by lottedutyfree,[TV/방송],71만,5억4964만,"1,181개"
Kyunghamin твоя корейская онни,[TV/방송],71만,6003만,312개
메카드 - MECARD OFFICIAL,[키즈/어린이],71만,5억4295만,"1,108개"
지호토이TV JIHOTOY,[키즈/어린이],71만,5억5697만,"1,837개"
이근대위 ROKSEAL,[미분류],71만,4998만,54개
탁주 TV,[게임],71만,13억0889만,"1,851개"
써리의 영상툰 SSULY TOON,[영화/만화/애니],71만,4억6414만,930개
ToyCheff,[키즈/어린이],71만,3억2547만,444개
HYOLYN 효린,[음악/댄스/가수],71만,1억1753만,97개
Dorami,[게임],70만,1억6997만,"1,050개"
MBN News,[뉴스/정치/사회],70만,7억3629만,"84,067개"
ToyMoon토이문,[키즈/어린이],70만,2억6164만,251개
에바EVA,[패션/미용],70만,9630만,282개
SM C&C STUDIO,[회사/오피셜],70만,7386만,266개
Travel Tube,[TV/방송],70만,6억6521만,"1,219개"
히밥heebab,[미분류],70만,1억3006만,260개
문호준,[게임],69만,3억8042만,904개
MBC WORLD,[음악/댄스/가수],69만,5억1969만,"4,756개"
시바견 곰이탱이여우,[애완/반려동물],69만,3억0220만,"1,080개"
Golden Disc Awards,[미분류],69만,1억6151만,489개
법륜스님의 희망세상만들기,[교육/강의],69만,3억4059만,699개
타임스낵,[TV/방송],69만,1억5581만,173개
옐언니,[TV/방송],69만,1억1155만,274개
TEEN TOP Official,[음악/댄스/가수],69만,1억9157만,774개
찬우살이,[TV/방송],69만,2177만,120개
조선일보,[뉴스/정치/사회],68만,3억5703만,"12,399개"
KBS N,[TV/방송],68만,10억4717만,"13,005개"
주니토니 동요동화 - 키즈캐슬,[키즈/어린이],68만,6억0478만,513개
채널A 뉴스TOP10,[뉴스/정치/사회],68만,5억4371만,"15,156개"
GCL 지씨엘,[게임],68만,2억0150만,531개
THE J,[교육/강의],68만,1억1346만,466개
난쟁이성현,[BJ/인물/연예인],68만,1억6637만,637개
임창정,[음악/댄스/가수],68만,1억7297만,276개
전옥현 안보정론TV,[뉴스/정치/사회],68만,2억5764만,"3,563개"
랭킹스쿨 Ranking School,[미분류],68만,3억0669만,561개
Robot Trains official,[키즈/어린이],68만,4억8798만,722개
우와한 비디오,[TV/방송],68만,8억3261만,985개
토모토모TomoTomo,[미분류],68만,8578만,92개
권회훈,[음식/요리/레시피],68만,2억6410만,"1,228개"
MBK Entertainment [Official],[음악/댄스/가수],67만,3억7122만,417개
HEADLINER,[음악/댄스/가수],67만,1억5420만,185개
bobaepapa - 보배아빠,[BJ/인물/연예인],67만,2억9344만,311개
SIMI TV,[TV/방송],67만,7526만,62개
레바스튜디오,[TV/방송],67만,2억6003만,376개
로보카폴리 TV,[키즈/어린이],67만,3억8487만,916개
깨박이,[BJ/인물/연예인],67만,3억5553만,"1,214개"
간니닌니 다이어리,[키즈/어린이],67만,5억6446만,"1,661개"
펜앤드마이크TV,[뉴스/정치/사회],67만,4억5675만,"9,738개"
애니한TV AnnieHan,[키즈/어린이],67만,6억1555만,"1,112개"
강 지,[게임],67만,4억1976만,945개
smile -wA-,[TV/방송],66만,4억9767만,"5,323개"
LENA,[패션/미용],66만,1억3319만,136개
Bigman,[음악/댄스/가수],66만,4985만,45개
미니미니 MiniMini,[취미/라이프],66만,3억0022만,324개
Ha Neul오늘의 하늘,[패션/미용],66만,9655만,261개
긱블 Geekble,[BJ/인물/연예인],66만,1억5640만,259개
시미켄 TV,[TV/방송],66만,8176만,79개
코코몽 COCOMONG TV - Cartoon & Song For Kids,[키즈/어린이],66만,8억1678만,"1,164개"
Soy ASMR,[취미/라이프],66만,1억3051만,416개
디글 :Diggle,[미분류],66만,13억1405만,"8,871개"
VICTON 빅톤,[음악/댄스/가수],66만,1억1840만,636개
UTZI웃지,[영화/만화/애니],66만,3억6511만,226개
로즈하ROSEHA,[패션/미용],66만,6613만,164개
Mdromeda KPOP,[TV/방송],66만,1억8891만,354개
신비아파트 공식채널 - Shinbi House,[영화/만화/애니],66만,3억7599만,905개
이슈왕 TV,[미분류],66만,2억7176만,782개
저라뎃 JUSTLIKETHAT,[게임],65만,4억8567만,"2,734개"
제이제이,[TV/방송],65만,1억8244만,465개
DAWN,[미분류],65만,3993만,33개
Dear.Jérry 제리,[패션/미용],65만,3956만,141개
엠빅뉴스,[뉴스/정치/사회],65만,12억1746만,"3,341개"
닥터프렌즈,[교육/강의],65만,1억0660만,432개
GIRL'S DAY,[음악/댄스/가수],65만,2억3534만,150개
백만뷰,[TV/방송],65만,4억4705만,"9,080개"
PANGKICK 팡킥,[TV/방송],65만,2억1490만,85개
김습습Double Soup,[패션/미용],65만,4906만,265개
Charming Jo 조매력,[게임],65만,1억6102만,"1,051개"
이봉규TV,[뉴스/정치/사회],65만,3억6300만,"5,873개"
Partition Zion,[게임],65만,2억7179만,889개
뿌직PPUJIG,[키즈/어린이],65만,4억5499만,412개
방가네,[미분류],65만,1억3259만,149개
입시덕후,[교육/강의],65만,2억2619만,360개
뀨러기 [kkyuleogi],[미분류],64만,1억5423만,217개
뉴스엔·NewsenTV·KOREA Entertainment news,[TV/방송],64만,2억1708만,"7,247개"
슈스스TV,[패션/미용],64만,8758만,198개
조싀앤바믜 Josh & Bamui,[음악/댄스/가수],64만,1억7046만,184개
쏘대장,[미분류],64만,1억1074만,262개
Healing Meditation,[음악/댄스/가수],64만,5509만,171개
JK 아트사커 온라인,[스포츠/운동],64만,2억1141만,387개
HBO Max,[미분류],64만,1억8075만,386개
빽능 - 스브스 옛날 예능,[뉴스/정치/사회],64만,6억6434만,"2,829개"
스브스뉴스 SUBUSU NEWS,[뉴스/정치/사회],64만,6억0497만,"2,323개"
유소나,[게임],64만,1억9269만,691개
금강연화,[패션/미용],64만,2억2780만,585개
Zaty Farhani,[TV/방송],64만,6억4613만,"1,363개"
김성회의 G식백과,[게임],63만,1억1902만,183개
가로세로연구소,[뉴스/정치/사회],63만,3억7524만,"2,375개"
김달,[TV/방송],63만,1억9471만,693개
이상투자그룹,[주식/경제/부동산],63만,6896만,"2,087개"
여정을떠난여정,[취미/라이프],63만,1억2606만,264개
leeminho film,[미분류],63만,863만,11개
연합뉴스TV,[뉴스/정치/사회],63만,8억1500만,"340,525개"
BELLA&LUCAS 벨라앤루카스,[음악/댄스/가수],63만,6996만,271개
Sechi,[영화/만화/애니],63만,1억8738만,234개
수탉,[게임],63만,2억7949만,"1,226개"
Team_SeikaTV(팀세이카),[음식/요리/레시피],63만,1억2094만,110개
손오공,[키즈/어린이],62만,6억3773만,710개
씨그널V [ Signal V ],[TV/방송],62만,2억8750만,731개
새벽,[패션/미용],62만,7866만,507개
KBS 교양,[뉴스/정치/사회],62만,4억5877만,"65,662개"
육식맨 YOOXICMAN,[미분류],62만,8735만,86개
코아 TV,[게임],62만,3억7772만,906개
Official Dopa,[게임],62만,2억6080만,"1,146개"
Weki Meki 위키미키,[음악/댄스/가수],62만,1억1377만,188개
Rio y Christian,[TV/방송],62만,5428만,292개
인아짱 Inah Eats,[음식/요리/레시피],62만,1억2257만,950개
삼식,[게임],62만,2억2032만,"1,905개"
퀸톨 TV,[게임],62만,4억4353만,"1,954개"
캡틴 파추호Captain PaChuHo,[미분류],62만,3303만,46개
준우,[TV/방송],62만,1억1067만,119개
EBS 컬렉션 - 라이프스타일,[국내/해외/여행],62만,3억5418만,"2,706개"
CK Animation School_2016-2018,[영화/만화/애니],61만,1억9414만,701개
tweety 트위티,[TV/방송],61만,6251만,129개
로이조 TV,[게임],61만,4억4038만,"2,564개"
이재성 박사의 식탁보감,[미분류],61만,4615만,210개
newstapa,[뉴스/정치/사회],61만,2억1536만,"3,657개"
会社員J,[패션/미용],61만,1억1212만,347개
예씨 yessii,[BJ/인물/연예인],61만,3억4485만,712개
LCK,[게임],61만,3억9181만,"3,104개"
TV대정령,[게임],61만,6억3101만,"7,296개"
샒의 삶Serim's life,[TV/방송],61만,1억7379만,494개
빠니보틀 Pani Bottle,[국내/해외/여행],61만,1억1963만,206개
홍시네마,[영화/만화/애니],61만,1억8211만,135개
LJ Dance,[음악/댄스/가수],61만,7356만,"1,495개"
Q2HAN,[패션/미용],61만,6234만,670개
OCN,[TV/방송],61만,5억3838만,"11,420개"
걍밍경,[TV/방송],61만,3031만,27개
코니tv conitv,[TV/방송],61만,8597만,342개
E트렌드,[주식/경제/부동산],61만,6442만,990개
Spinel CAM,[TV/방송],61만,6억4469만,"8,483개"
양장금주부,[미분류],61만,1억0867만,473개
도영도영이,[패션/미용],60만,4007만,150개
우파푸른하늘Woopa TV,[자동차],60만,2억8868만,773개
다이아나Diana,[음악/댄스/가수],60만,1억6256만,"1,751개"
lEtudel,[음악/댄스/가수],60만,2억3382만,"2,968개"
지니어드벤쳐GeniAdventure,[키즈/어린이],60만,5억9472만,596개
영기티비,[미분류],60만,8737만,214개
UNDERkg,[IT/기술/컴퓨터],60만,2억9485만,"2,222개"
키미 Kimi,[음식/요리/레시피],60만,3895만,85개
눈쟁이,[게임],60만,2억2941만,"2,094개"
PianiCast - 피아니캐스트,[음악/댄스/가수],59만,1억3784만,103개
그렉형 Greg,[음악/댄스/가수],59만,4557만,234개
tvN 인사이트,[TV/방송],59만,1억9486만,"1,430개"
밍모,[게임],59만,3억6143만,"1,262개"
FTISLAND (FT아일랜드),[음악/댄스/가수],59만,1억3124만,145개
서넹,[게임],59만,2억1241만,"2,765개"
골근위수영뷰티아카데미,[패션/미용],59만,4억1803만,328개
맛상무,[음식/요리/레시피],59만,2억1765만,"1,217개"
소윤Soyoon,[패션/미용],59만,5469만,146개
식빵언니 김연경Bread Unnie,[미분류],59만,3579만,54개
leeanfilm리안,[패션/미용],59만,4680만,169개
sini시니,[음식/요리/레시피],59만,2억1392만,626개
양세브라더스,[미분류],59만,2335만,16개
엣지님,[BJ/인물/연예인],59만,1억9695만,"1,636개"
형독방송,[게임],59만,5억0013만,"1,840개"
최홍철,[BJ/인물/연예인],59만,1억7994만,341개
하얀트리HayanTree,[음식/요리/레시피],59만,2억0754만,496개
바다곰조해웅Seabear,[음식/요리/레시피],58만,1억1525만,334개
Ashley Mariee Gaming,[해외],58만,5614만,"2,046개"
더스쿱The SCOOP,[음식/요리/레시피],58만,8459만,406개
입질의추억TV jiminTV,[음식/요리/레시피],58만,1억6348만,280개
쌈바홍 ssambahong,[TV/방송],58만,4054만,197개
요리왕비룡 Korean Food Cooking,[BJ/인물/연예인],58만,1억0351만,487개
DAZBEE official,[영화/만화/애니],58만,1억8954만,111개
핫소스,[TV/방송],58만,2억9715만,400개
공돌이 용달,[TV/방송],58만,1억6196만,186개
여락이들_,[취미],58만,1억2664만,297개
팩트TV NEWS,[뉴스/정치/사회],58만,4억8162만,"18,277개"
SINCOOK - 신쿡,[음식/요리/레시피],58만,1억0282만,464개
로하Roha,[미분류],57만,6610만,93개
김메주와 고양이들,[애완/반려동물],57만,1억8274만,902개
한식푸우 Korean food,[음식/요리/레시피],57만,2억2247만,"1,501개"
God DongMin갓동민,[음악/댄스/가수],57만,9029만,990개
NICKY니키,[TV/방송],57만,1억6437만,725개
뽀로로 타요 장난감 놀이교실,[키즈/어린이],57만,3억5544만,807개
Comedy Carrie,[키즈/어린이],57만,6억0964만,"1,400개"
부동산 읽어주는 남자,[주식/경제/부동산],57만,5386만,391개
덕출 : DCTVGO,[TV/방송],57만,1억3251만,255개
매미킴 TV,[TV/방송],57만,1억2720만,222개
Troom Troom Kr,[키즈/어린이],57만,3억5595만,"1,642개"
drighk fancam 2015,[TV/방송],56만,4억1483만,"5,215개"
티키틱 TIKITIK,[TV/방송],56만,1억0685만,127개
Arirang은 고양이들내가 주인,[애완/반려동물],56만,1억5363만,347개
다영 DAYEONG,[패션/미용],56만,7390만,336개
송슐랭 가이드 - SONGCHELIN GUIDE,[미분류],56만,1508만,90개
지기TV,[미분류],56만,1억1339만,617개
꿀탱탱,[게임],56만,3억1848만,"2,461개"
Reynah,[음악/댄스/가수],56만,1억4124만,245개
JUNE,[게임],56만,4억9046만,"1,184개"
sojoong쏘야쭝아,[BJ/인물/연예인],56만,1억3580만,222개
815머니톡,[미분류],56만,1억1418만,"1,973개"
과나gwana,[미분류],56만,5760만,58개
[Flower pig]꽃돼지,[음식/요리/레시피],56만,1억8614만,"1,136개"
성제준TV,[뉴스/정치/사회],56만,1억3672만,744개
May J Lee 메이제이 리,[음악/댄스/가수],56만,2769만,40개
KB국민카드,[회사/오피셜],55만,2억0226만,482개
ConCorea TV,[취미/라이프],55만,1347만,621개
덕자전성시대,[BJ/인물/연예인],55만,4845만,99개
엄마의손맛,[미분류],55만,1억0071만,646개
Mellowbeat Seeker,[음악/댄스/가수],55만,774만,131개
Trouble Maker (Official YouTube Channel),[음악/댄스/가수],55만,1억8034만,9개
MAXIM KOREA,[TV/방송],55만,2억9111만,"1,983개"
김도고 Doggo Kim,[BJ/인물/연예인],55만,1억3412만,133개
Hello Jadoo TV 안녕 자두야,[영화/만화/애니],55만,1억7890만,523개
1등 미디어,[교육/강의],55만,2억3305만,455개
Clevr TV [클레버티비],[키즈/어린이],55만,4억9681만,"1,652개"
깨방정,[미분류],55만,1억4997만,309개
단희TV,[주식/경제/부동산],55만,5716만,744개
고성국TV,[뉴스/정치/사회],55만,2억5008만,"6,227개"
하하 PD HAHA PD,[미분류],55만,1989만,48개
INFINITE,[음악/댄스/가수],55만,3312만,149개
Olive,[TV/방송],55만,5억8462만,"17,072개"
은하캠핑,[TV/방송],55만,9848만,171개
오마르의 삶,[TV/방송],55만,8116만,394개
오예커플스토리,[TV/방송],55만,8752만,156개
TAU,[취미/라이프],54만,3억3125만,100개
진호,[게임],54만,2억7763만,"2,293개"
짧은대본 ShortPaper,[미분류],54만,1억0370만,113개
프레이 TV,[게임],54만,2억5471만,"1,101개"
소개해주는 남자,[영화/만화/애니],54만,1억5620만,202개
글자네 YouTube,[게임],54만,4억4463만,"3,028개"
테크몽 Techmong,[IT/기술/컴퓨터],54만,6471만,297개
A24,[미분류],54만,5억7841만,521개
디렉터 짱구대디,[패션/미용],54만,1억5630만,"1,594개"
MR엠알,[IT/기술/컴퓨터],54만,7118만,307개
ASMR Ouvir 오비르,[취미/라이프],54만,8379만,147개
TVXQ!,[음악/댄스/가수],54만,2531만,67개
박서아TV,[BJ/인물/연예인],54만,9478만,299개
J.Y. Park,[TV/방송],54만,7990만,90개
이연LEEYEON,[취미/라이프],53만,3490만,150개
Korean Studio,[BJ/인물/연예인],53만,4613만,171개
Official fromis_9,[음악/댄스/가수],53만,1억4777만,407개
DAISY 데이지,[패션/미용],53만,5981만,333개
달마발 Darlim&Hamabal,[음악/댄스/가수],53만,1억2304만,146개
사피엔스 스튜디오,[미분류],53만,1억2160만,"1,679개"
쓸모왕,[뉴스/정치/사회],53만,3억5112만,529개
수린 suzlnne,[교육/강의],53만,3843만,114개
샬이 Shal.E,[취미/라이프],53만,2031만,58개
똘킹,[게임],53만,3억7032만,"1,776개"
규티비 KYUHYUN,[미분류],53만,1880만,68개
STATV,[TV/방송],53만,1억7502만,"7,269개"
온스테이지ONSTAGE,[음악/댄스/가수],53만,2억1335만,"2,266개"
김한용의 MOCAR,[자동차],53만,2억0829만,966개
뉴스타운TV,[뉴스/정치/사회],53만,1억2038만,"4,238개"
LeoJ Makeup,[패션/미용],53만,6451만,228개
PRUMIR,[음식/요리/레시피],53만,1억1971만,607개
카페노예 jun,[BJ/인물/연예인],52만,3484만,64개
Miniyu ASMR,[취미/라이프],52만,2억1586만,713개
딩가의 회전목마 DINGA,[취미/라이프],52만,6093만,169개
강하나 스트레칭_stretching,[스포츠/운동],52만,4285만,249개
KBS KONG,[뉴스/정치/사회],52만,1억9999만,"6,675개"
fantagio 판타지오,[TV/방송],52만,1억0470만,190개
쿠캣 레시피 / Cookat Recipe,[음식/요리/레시피],52만,1억9996만,"1,621개"
Melon 멜론,[미분류],52만,5515만,143개
Bravo jamoasi,[미분류],52만,9048만,67개
뭅뭅,[영화/만화/애니],52만,3억8616만,"3,159개"
직업의모든것,[미분류],52만,1억5641만,267개
허미노MINO,[음식/요리/레시피],52만,1억9841만,"1,593개"
김나영의 nofilterTV,[취미/라이프],52만,9098만,270개
단하나 DANHANA,[미분류],52만,7994만,81개
OGN,[게임],52만,5억9474만,"27,386개"
노래하는코트,[음악/댄스/가수],52만,2억7588만,"2,224개"
아옳이,[패션/미용],52만,7860만,132개
미소,[게임],52만,2억1184만,"3,071개"
정육왕 MeatCreator,[음식/요리/레시피],52만,1억1033만,377개
햄튜브,[미분류],52만,2억6646만,"1,050개"
근황올림픽,[미분류],52만,2억2039만,198개
AB6IX,[미분류],52만,2629만,201개
Dragon Stone,[음악/댄스/가수],52만,3129만,143개
코믹마트,[미분류],51만,1억4455만,164개
느낌적인느낌,[BJ/인물/연예인],51만,4968만,109개
과학드림 [Science Dream],[미분류],51만,7181만,87개
Mina's TV 미나네TV,[음악/댄스/가수],51만,1914만,125개
아리둥절 Ari the Corgi,[애완/반려동물],51만,1억3554만,208개
빅헤드,[게임],51만,2억7027만,"3,377개"
에버랜드 - EVERLAND,[미분류],51만,1억5123만,"1,883개"
서울의소리 Voice of Seoul,[뉴스/정치/사회],51만,2억2106만,"6,615개"
유이뿅YUIPYON,[미분류],51만,1억1634만,279개
자몽티비,[게임],51만,4억5121만,"1,921개"
최케빈,[게임],51만,6억0321만,"3,185개"
드립팩토리 [Dlib Factory],[미분류],51만,1억5076만,130개
joanday,[TV/방송],51만,6531만,617개
Muggo,[음식/요리/레시피],51만,1억7167만,"1,254개"
풍자테레비,[BJ/인물/연예인],50만,1억9548만,"1,402개"
비누TV,[게임],50만,3억9634만,"1,616개"
KBS Entertain: 깔깔티비,[TV/방송],50만,6억5375만,"4,186개"
Flow Music,[음악/댄스/가수],50만,1억0135만,570개
한국경제TV,[뉴스/정치/사회],50만,1억6459만,"48,058개"
레이디액션,[TV/방송],50만,2억0330만,312개
두치와뿌꾸,[게임],50만,6억8793만,"9,239개"
국방TV,[뉴스/정치/사회],50만,4억6028만,"10,855개"
상현아웃겨줘parksanghyun,[TV/방송],50만,1억5844만,356개
와빌,[영화/만화/애니],50만,8130만,193개
스타일가이드 최겨울,[패션/미용],50만,8604만,739개
정동원TV,[음악/댄스/가수],50만,1억4439만,240개
오콘키즈,[키즈/어린이],50만,6억4302만,997개
하늘이와 바다의 신나는 율동 동요 (SkySea.TV),[키즈/어린이],50만,3억0810만,131개
주키니TV,[게임],50만,1억5155만,371개
Super K-슈퍼개미김정환,[미분류],50만,3770만,329개
도아TV,[BJ/인물/연예인],50만,1억7671만,"1,509개"
각별,[게임],50만,1억7206만,224개
또모TOWMOO,[미분류],49만,1억1274만,166개
H1GHR MUSIC,[음악/댄스/가수],49만,1억6978만,409개
Everton Football Club,[미분류],49만,1억3269만,"2,380개"
스튜디오V [ STUDIO V ],[TV/방송],49만,1억3862만,296개
1분미만,[미분류],49만,7910만,83개
주간이상준,[TV/방송],49만,1억0994만,362개
Mr.아재 [Mr.Ajae],[BJ/인물/연예인],49만,1억1376만,288개
희철리즘Heechulism,[취미/라이프],49만,1억2891만,259개
DanalEntertainment,[음악/댄스/가수],49만,2억6199만,"8,516개"
supershinstudio,[영화/만화/애니],49만,3억5618만,"7,740개"
황장수의 뉴스브리핑o,[뉴스/정치/사회],49만,4억2074만,"10,174개"
Mommy Son,[음악/댄스/가수],49만,7293만,48개
오사원 Oh!sales,[미분류],49만,1억5270만,484개
ROAD FIGHTING CHAMPIONSHIP,[스포츠/운동],48만,4억1727만,"3,870개"
쵸쵸우,[게임],48만,7590만,529개
방앗간 비둘기,[게임],48만,3억1522만,"4,238개"
Netflix Korea,[영화/만화/애니],48만,1억2807만,"1,136개"
김용민TV,[뉴스/정치/사회],48만,1억5445만,"4,804개"
마플 마인크래프트 채널,[게임],48만,7억6025만,"1,876개"
쉐어하우스,[미분류],48만,1억4691만,"1,194개"
진자림 Jinjalim,[미분류],48만,1억1377만,277개
노래하는하람,[키즈/어린이],48만,1억9810만,715개
pharkil 2015,[TV/방송],48만,5억0025만,"3,860개"
석준이가해,[TV/방송],48만,1억0938만,189개
혜서니,[미분류],48만,1억1448만,498개
코리안브로스,[미분류],48만,2억0856만,636개
이석현,[게임],48만,2억8672만,"3,352개"
남욱이의 욱기는 일상 KNW,[취미/라이프],48만,2억0064만,946개
[윤이련]50년 요리비결,[미분류],48만,9642만,240개
뭉땡뭉땡,[애완/반려동물],48만,1억3792만,377개
하알라,[미분류],47만,9953만,165개
친절한 대학,[교육/강의],47만,4651만,493개
견자희 스튜디오,[게임],47만,1억9205만,"1,446개"
루태TV,[게임],47만,3억4272만,"3,132개"
하비 Havy,[음악/댄스/가수],47만,1억0139만,712개
홍윤화 김민기 꽁냥꽁냥,[TV/방송],47만,9206만,292개
코코 TV,[BJ/인물/연예인],47만,0,0개
Ripple_S,[TV/방송],47만,2억6165만,606개
오마이스쿨,[교육/강의],47만,6670만,"1,477개"
KIMDAX킴닥스,[패션/미용],47만,5297만,369개
필름에빠지다,[영화/만화/애니],47만,1억8963만,370개
HAMBUK 햄벅,[미분류],47만,8212만,286개
미트 miit,[미분류],47만,3722만,271개
여수MBC Music+(Kpop&Trot),[뉴스/정치/사회],47만,2억9864만,"11,182개"
YTN 사이언스,[뉴스/정치/사회],47만,3억1073만,"41,679개"
Today on the Korean Server,[게임],47만,5129만,619개
Drawing Hands,[취미/라이프],47만,6390만,288개
이수근 채널,[스포츠/운동],47만,5743만,242개
MayTree,[미분류],47만,4680만,142개
임선비,[게임],47만,1억8831만,"1,023개"
아이템의 인벤토리,[TV/방송],47만,1억0387만,149개
MediaVOP,[뉴스/정치/사회],47만,6억2863만,"16,413개"
썩쏘TV,[게임],47만,2억9726만,"1,937개"
Samuel OFFICIAL,[음악/댄스/가수],46만,1330만,67개
Arirang News,[뉴스/정치/사회],46만,2억1522만,"119,864개"
MBC 미스터리 : 심야괴담회 x 서프라이즈,[TV/방송],46만,2억1621만,851개
연고티비,[TV/방송],46만,2억1873만,923개
meejmuse,[패션/미용],46만,3519만,338개
심방골주부Korean Food Recipes,[음식/요리/레시피],46만,9052만,476개
박민정 TV,[BJ/인물/연예인],46만,1억2228만,395개
채채ChaeChae,[BJ/인물/연예인],46만,1억2481만,339개
[에일리 OFFICIAL] aileemusic,[미분류],46만,6003만,96개
키다리형,[스포츠/운동],46만,8817만,"1,076개"
RÉCORD 레코드,[음악/댄스/가수],46만,1억0516만,161개